"plant_no","name_en","plant_name","plant_name_cn","latitude","longitude","plant_type"
"13AL","kharabaw","คาราบาว","卡阿拉阿巴阿瓦厂","13.685944","100.549459","CPAC"
"13AX","bangpla 3","บางปลา 3","巴阿昂巴拉阿3厂","13.556374","100.757623","CPAC"
"13B1","bangna km.36/2","บางนา กม.36/2","邦纳甲玛.36/2厂","13.562333","100.919667","CPAC"
"13B3","eprng","เปรง","艾巴拉昂厂","13.69471","100.897136","CPAC"
"13B6","aephrksa 2","แพรกษา 2","艾帕拉甲沙阿2厂","13.575941","100.651506","CPAC"
"13BJ","sayaihm 2","สายไหม 2","赛迈2厂","13.922586","100.688324","CPAC"
"13BL","thabchang","ทับช้าง","塔安巴察้阿昂厂","13.735171","100.691358","CPAC"
"13FW","phraram 4/5","พระราม 4/5","帕拉ะ拉阿玛4/5厂","13.725948","100.549383","CPAC"
"13FY","bnaik 3","บ่อนไก่ 3","巴่阿纳艾甲่3厂","13.726116","100.549756","CPAC"
"13L4","raypraeths thakham","อรัญประเทศ ท่าข้าม","阿拉安亚巴拉ะ艾塔沙塔่阿卡้阿玛厂","13.65258","102.54867","CPAC"
"13L6","banchang","บ้านฉาง","巴้阿纳察阿昂厂","12.727038","101.057716","CPAC"
"13LJ","aeklng","แกลง","艾甲拉昂厂","12.78952","101.645714","CPAC"
"13LM","aehlmaemphimph","แหลมแม่พิมพ์","艾哈拉玛艾玛่帕伊玛帕์厂","12.657152","101.584685","CPAC"
"13LN","kbinthrburi 2","กบินทร์บุรี 2","甲巴伊纳塔拉์巴乌拉伊2厂","13.984896","101.775096","CPAC"
"13LO","ektewy 4","เกตเวย์ 4","艾甲达艾瓦亚์4厂","13.6185966","101.3090948","CPAC"
"13LP","bangna km.36/4","บางนา กม.36/4","邦纳甲玛.36/4厂","13.56212","100.91956","CPAC"
"13LQ","mtasiti 3","อมตะซิตี้ 3","安美德萨伊达伊้3厂","12.956544","101.103573","CPAC"
"13LR","nikhmekhrue bps.3","นิคมเครือฯ บปซ.3","工业区艾卡拉厄阿ฯ巴巴萨.3厂","12.832716","101.237539","CPAC"
"13LS","aemnamkhu","แม่น้ำคู้","艾玛่纳้安卡乌้厂","12.8924431","101.2393386","CPAC"
"13M2","eninomk","เนินโมก","艾纳伊纳奥玛甲厂","13.28359","101.249151","CPAC"
"13NW","prachantkham","ประจันตคาม","巴拉ะ扎安纳达卡阿玛厂","14.049792","101.622878","CPAC"
"13QX","salalamdwn","ศาลาลำดวน","沙阿拉阿拉安达瓦纳厂","13.918116","101.939289","CPAC"
"13QZ","sraburi HSR","สระบุรี HSR","沙拉武里HSR厂","14.55251","100.962271","CPAC"
"13T2","orchna 2","โรจนะ 2","罗勇那2厂","14.32513","100.6451","CPAC"
"13UE","bangpain 2","บางปะอิน 2","巴阿昂巴ะ阿伊纳2厂","14.165786","100.56055","CPAC"
"13UI","bayphaswangmanaw","บายพาสวังมะนาว","巴阿亚帕阿沙瓦安昂玛ะ纳阿瓦厂","13.18481","99.690675","CPAC"
"14A2","buengkal","บึงกาฬ","汶干厂","18.355226","103.65269","CPAC"
"14AI","pakchng 1-rthaifkhwamerwsung","ปากช่อง 1-รถไฟความเร็วสูง","巴阿甲察่阿昂1-高铁厂","14.766953697695","101.459348034109","CPAC"
"14AJ","pakchng 2-rthaifkhwamerwsung","ปากช่อง 2-รถไฟความเร็วสูง","巴阿甲察่阿昂2-高铁厂","14.766953697695","101.459348034109","CPAC"
"14AR","rthaifkhwamerwsungokhrach-banaihm 1","รถไฟความเร็วสูงโคราช-บ้านใหม่ 1","高铁呵叻-巴้阿纳艾哈玛่1厂","14.954154","102.014356","CPAC"
"14AS","rthaifkhwamerwsungokhrach-banaihm 2","รถไฟความเร็วสูงโคราช-บ้านใหม่ 2","高铁呵叻-巴้阿纳艾哈玛่2厂","14.954052","102.014348","CPAC"
"14AY","ratnwapi","รัตนวาปี","拉安达纳瓦阿巴伊厂","18.284734","103.285326","CPAC"
"14AZ","nkhrphnm 4","นครพนม 4","那空帕农4厂","17.498513","104.709765","CPAC"
"14B2","brbue","บรบือ","巴拉巴厄阿厂","16.051359","103.094003","CPAC"
"14B7","pakchng 3 -rthaifkhwamerwsung","ปากช่อง 3 -รถไฟความเร็วสูง","巴阿甲察่阿昂3-高铁厂","14.672855","101.370086","CPAC"
"14B9","rthaifkhwamerwsung-okhrach 2","รถไฟความเร็วสูง-โคราช 2","高铁-呵叻2厂","14.932821","102.053126","CPAC"
"14ฺB7","pakchng 3 -rthaifkhwamerwsung","ปากช่อง 3 -รถไฟความเร็วสูง","巴阿甲察่阿昂3-高铁厂","14.672855","101.370086","CPAC"
"15BB","nkhrsri-phaththnanth","นครศรีฯ-พัทธนันท์","纳卡拉沙拉伊ฯ-帕安塔塔纳安纳塔์厂","8.320116","99.971722","CPAC"
"15BF","echingthael 3","เชิงทะเล 3","艾察伊昂塔ะ艾拉3厂","7.96665","98.345469","CPAC"
"15BG","sakhu 2","สาคู 2","沙阿卡乌2厂","8.05529","98.33199","CPAC"
"15BJ","kata","กะตะ","甲ะ达ะ厂","7.816","98.297","CPAC"
"15BL","ethphkrasatri phuekt","เทพกระษัตรี ภูเก็ต","艾塔帕甲拉ะ沙安达拉伊普吉厂","8.0891379","98.352077","CPAC"
"15CE","thungsng 4","ทุ่งสง 4","塔乌่昂沙昂4厂","8.11113","99.67003","CPAC"
"15CF","phiramid-nkhrsrithrrmrach","พีระมิด-นครศรีธรรมราช","帕伊拉ะ玛伊达-洛坤厂","8.31769","99.97216","CPAC"
"15CP","siwil-sieka","ซีวิล-สิเกา","萨伊瓦伊拉-沙伊艾甲阿厂","7.557235","99.444246","CPAC"
"15CQ","phiramid-pakphnang","พีระมิด-ปากพนัง","帕伊拉ะ玛伊达-巴阿甲帕纳安昂厂","8.335459","100.178829","CPAC"
"15FC","khlngaenga 2","คลองแงะ 2","卡拉阿昂艾昂ะ2厂","6.753937","100.453598","CPAC"
"15GA","nbphitam-si.si.chakrkl","นบพิตำ-ซี.ซี.จักรกล","纳巴帕伊达安-萨伊.萨伊.扎安甲拉甲拉厂","8.694531","99.792486","CPAC"
"15GC","yala-phanthwiml","ยะลา-พันธ์วิมล","也拉-帕安纳塔์瓦伊玛拉厂","6.528611","101.211337","CPAC"
"15HC","surasdr-phraaesng","สุราษฎร์-พระแสง","素叻-帕拉ะ艾沙昂厂","8.3125","99.1347","CPAC"
"19A3","echiyngaihm-santhray 2","เชียงใหม่-สันทราย 2","清迈-沙安纳塔拉阿亚2厂","18.939878","98.98439","CPAC"
"19A9","nkhrswrrkh-chumaesng 2","นครสวรรค์-ชุมแสง 2","那空沙旺-察乌玛艾沙昂2厂","15.87492","100.32241","CPAC"
"19AI","echiyngray-nangael 2","เชียงราย-นางแล 2","清莱-纳阿昂艾拉2厂","20.015849","99.869282","CPAC"
"19AJ","nkhrswrrkh-chngaekh 2","นครสวรรค์-ช่องแค 2","那空沙旺-察่阿昂艾卡2厂","15.181135","100.446794","CPAC"
"19AK","echiyngray-thanghlwng 118(tn 1)","เชียงราย-ทางหลวง 118(ตอน 1)","清莱-公路118(达阿纳1)厂","19.716208","99.600179","CPAC"
"19AR","echiyngray-rimkk","เชียงราย-ริมกก","清莱-拉伊玛甲甲厂","19.933583","99.812005","CPAC"
"19AS","nkhrswrrkh-thanghlwng 117 (tn 1)","นครสวรรค์-ทางหลวง 117 (ตอน 1)","那空沙旺-公路117(达阿纳1)厂","15.86775","100.117167","CPAC"
"19AT","nkhrswrrkh-thanghlwng 117 (tn 2)","นครสวรรค์-ทางหลวง 117 (ตอน 2)","那空沙旺-公路117(达阿纳2)厂","15.964278","100.119167","CPAC"
"19BG","nan 3","น่าน 3","难3厂","18.8410989","100.7383206","CPAC"
"19CG","utrditth 2","อุตรดิตถ์ 2","程逸2厂","17.661677","100.148474","CPAC"
"19I1","echiyngaihm-dyhl 2","เชียงใหม่-ดอยหล่อ 2","清迈-达阿亚哈拉่阿2厂","18.522985","98.853343","CPAC"
"310C","rachwipha","รัชวิภา","拉安察瓦伊帕阿厂","13.832371","100.551918","CPAC"
"310L","rachwipha 2","รัชวิภา 2","拉安察瓦伊帕阿2厂","13.831954","100.551746","CPAC"
"310M","bangokhl 3","บางโคล่ 3","巴阿昂奥卡拉่3厂","13.6891","100.506789","CPAC"
"310T","phraram 9/5","พระราม 9/5","帕拉ะ拉阿玛9/5厂","13.754786","100.592418","CPAC"
"311A","chumphr","ชุมพร","春蓬厂","10.506598","99.168525","CPAC"
"311B","surasdrthani","สุราษฎร์ธานี","素叻他尼厂","9.091851","99.325146","CPAC"
"311C","phunphin","พุนพิน","帕乌纳帕伊纳厂","9.037726","99.171278","CPAC"
"311D","smuy","สมุย","苏梅厂","9.47066","99.960139","CPAC"
"311N","sriwichay","ศรีวิชัย","沙拉伊瓦伊察安亚厂","9.141207","99.20972","CPAC"
"311P","thakub","ท่ากูบ","塔่阿甲乌巴厂","9.075232","99.300918","CPAC"
"311R","surasdr-esathethirn","สุราษฎร์-เซาท์เทิร์น","素叻-艾萨阿塔์艾塔伊拉์纳厂","9.153477","99.514346","CPAC"
"311S","surasdr-bangaihy","สุราษฎร์-บางใหญ่","素叻-巴阿昂艾哈亚่厂","9.117351","99.368147","CPAC"
"311T","hlangswn","หลังสวน","哈拉安昂沙瓦纳厂","10.002342","99.06468","CPAC"
"312A","phuekt","ภูเก็ต","普吉厂","7.93465","98.377756","CPAC"
"312C","okhkkly","โคกกลอย","奥卡甲甲拉阿亚厂","8.228928","98.297531","CPAC"
"312G","krabi","กระบี่","甲米厂","8.137685","98.862334","CPAC"
"312I","phuekt 2","ภูเก็ต 2","普吉2厂","7.934526","98.377848","CPAC"
"312J","sakhu","สาคู","沙阿卡乌厂","8.05524","98.331741","CPAC"
"312K","kathu","กะทู้","甲ะ塔乌้厂","7.898055","98.337368","CPAC"
"312L","echingthael","เชิงทะเล","艾察伊昂塔ะ艾拉厂","7.984652","98.321786","CPAC"
"312M","awluek","อ่าวลึก","阿่阿瓦拉厄甲厂","8.42869","98.77237","CPAC"
"312Q","aehlmphanwa","แหลมพันวา","艾哈拉玛帕安纳瓦阿厂","7.840819","98.393155","CPAC"
"312S","chlng","ฉลอง","察拉阿昂厂","7.840795","98.336124","CPAC"
"312T","bangoch","บางโจ","巴阿昂奥扎厂","8.006127","98.339151","CPAC"
"312U","echingthael 2","เชิงทะเล 2","艾察伊昂塔ะ艾拉2厂","7.96664","98.345957","CPAC"
"313A","thungsng","ทุ่งสง","塔乌่昂沙昂厂","8.110831","99.670423","CPAC"
"313B","nkhrsrithrrmrach","นครศรีธรรมราช","洛坤厂","8.464782","99.922036","CPAC"
"313C","nkhrsrithrrmrach 2","นครศรีธรรมราช 2","洛坤2厂","8.399894","100.013885","CPAC"
"313E","trang","ตรัง","董里厂","7.564039","99.674908","CPAC"
"313H","phathlung","พัทลุง","博他仑厂","7.544582","100.040325","CPAC"
"313I","khwnkhnun","ควนขนุน","卡瓦纳卡纳乌纳厂","7.752665","99.975675","CPAC"
"313M","sritrang 2","ศรีตรัง 2","沙拉伊董里2厂","7.54984","99.532187","CPAC"
"313N","thasala 2","ท่าศาลา 2","塔่阿沙阿拉阿2厂","8.666183","99.911639","CPAC"
"3141","ekhaaihy","เขาใหญ่","艾卡阿艾哈亚่厂","14.52961","101.468614","CPAC"
"3144","chayphumi 2","ชัยภูมิ 2","猜也奔2厂","15.772312","102.030428","CPAC"
"3145","swangwirawngs","สว่างวีระวงศ์","沙瓦่阿昂瓦伊拉ะ瓦昂沙์厂","15.238878","105.130449","CPAC"
"3146","edchudm 2","เดชอุดม 2","艾达察阿乌达玛2厂","14.955331","105.004429","CPAC"
"3147","khnaekn-phrhmnimit","ขอนแก่น-พรหมนิมิต","孔敬-帕拉哈玛纳伊玛伊达厂","16.432975","102.917012","CPAC"
"3148","sungenin 3","สูงเนิน 3","沙乌昂艾纳伊纳3厂","14.895361","101.924502","CPAC"
"3149","oksumphisay","โกสุมพิสัย","奥甲沙乌玛帕伊沙安亚厂","16.253515","103.0313","CPAC"
"314A","sngkhla","สงขลา","宋卡厂","7.122764","100.585404","CPAC"
"314B","hadaihy 2","หาดใหญ่ 2","合艾2厂","6.98666","100.437699","CPAC"
"314O","punnkanth","ปุณณกัณฑ์","巴乌纳纳甲安纳塔์厂","7.02165","100.581576","CPAC"
"314R","sngkhla-khunthng","สงขลา-ขุนทอง","宋卡-卡乌纳塔阿昂厂","7.04745","100.654012","CPAC"
"314S","ratphumi 2","รัตภูมิ 2","拉安达帕乌玛伊2厂","7.131196","100.311491","CPAC"
"314U","krabiny","กระบี่น้อย","甲米纳้阿亚厂","8.139339","98.96081","CPAC"
"314V","hadaihy 4","หาดใหญ่ 4","合艾4厂","6.987205","100.437484","CPAC"
"319A","ladkrabang","ลาดกระบัง","拉阿达甲拉ะ巴安昂厂","13.860414","100.731196","CPAC"
"319B","hnngaekh","หนองแค","哈纳阿昂艾卡厂","14.388468","100.831227","CPAC"
"319C","phuenechiyngaihm","พื้นเชียงใหม่","帕厄้纳清迈厂","18.669041434425","99.0509212017","CPAC"
"31AC","khlng 7","คลอง 7","卡拉阿昂7厂","14.020552","100.752725","CPAC"
"31AD","samokhk","สามโคก","沙阿玛奥卡甲厂","14.062592","100.529923","CPAC"
"31AE","echiyngrakaihy","เชียงรากใหญ่","艾察伊亚昂拉阿甲艾哈亚่厂","14.07184","100.568836","CPAC"
"31AG","ratnathiebsr","รัตนาธิเบศร์","拉安达纳阿塔伊艾巴沙拉์厂","13.881023","100.434706","CPAC"
"31AI","bangsn","บางซ่อน","巴阿昂萨่阿纳厂","13.816817","100.513535","CPAC"
"31AJ","pakekrd","ปากเกร็ด","巴阿甲艾甲拉็达厂","13.908826","100.507766","CPAC"
"31AO","phraram 9/3 ( aechngsm OH ephuekhay )","พระราม 9/3 (  แจ้งซ่อม OH เพื่อขาย )","帕拉ะ拉阿玛9/3(艾扎้昂萨่阿玛OH艾帕厄่阿卡阿亚)厂","13.744446","100.638855","CPAC"
"31AP","tlingchan","ตลิ่งชัน","达拉伊่昂察安纳厂","13.784923","100.455202","CPAC"
"31AQ","bangkhunethiyn 2","บางขุนเทียน 2","巴阿昂卡乌纳艾塔伊亚纳2厂","13.666446","100.429553","CPAC"
"31AR","bangaekh","บางแค","巴阿昂艾卡厂","13.710482","100.380597","CPAC"
"31AS","bangplakd 3","บางปลากด 3","巴阿昂巴拉阿甲达3厂","13.600289","100.556297","CPAC"
"31AT","bangmd","บางมด","巴阿昂玛达厂","13.626053","100.508404","CPAC"
"31AU","rasdrburna 2","ราษฎร์บูรณะ 2","拉阿沙达拉์巴乌拉纳ะ2厂","13.677463","100.511719","CPAC"
"31AW","ekchay","เอกชัย","艾阿甲察安亚厂","13.652346","100.390181","CPAC"
"31AY","khlng 9","คลอง 9","卡拉阿昂9厂","13.95942","100.794995","CPAC"
"31B1","phrapraaedng","พระประแดง","帕拉ะ巴拉ะ艾达昂厂","13.651842","100.554726","CPAC"
"31B2","minburi","มีนบุรี","玛伊纳巴乌拉伊厂","13.815788","100.73865","CPAC"
"31B9","phraram 5","พระราม 5","帕拉ะ拉阿玛5厂","13.821872","100.447895","CPAC"
"31BA","bnaik","บ่อนไก่","巴่阿纳艾甲่厂","13.725335","100.549629","CPAC"
"31BB","bangchak","บางจาก","巴阿昂扎阿甲厂","13.6977858","100.589922","CPAC"
"31BE","khlngtan 2","คลองตัน 2","卡拉阿昂达安纳2厂","13.74429","100.593071","CPAC"
"31BG","phraram 9/2","พระราม 9/2","帕拉ะ拉阿玛9/2厂","13.754619","100.592668","CPAC"
"31BJ","dnemueng","ดอนเมือง","廊曼厂","13.943948","100.619642","CPAC"
"31BK","raminthra 2","รามอินทรา 2","拉阿玛阿伊纳塔拉阿2厂","13.83357","100.67126","CPAC"
"31BL","ladplaekha","ลาดปลาเค้า","拉阿达巴拉阿艾卡้阿厂","13.844719","100.602394","CPAC"
"31BM","chlngkrung","ฉลองกรุง","察拉阿昂甲拉乌昂厂","13.789395","100.819463","CPAC"
"31BN","hnngchk","หนองจอก","哈纳阿昂扎阿甲厂","13.856976","100.835349","CPAC"
"31BP","bangna km.4","บางนา กม.4","邦纳甲玛.4厂","13.653784","100.647467","CPAC"
"31BQ","bangpu","บางปู","邦普厂","13.528993","100.655714","CPAC"
"31BR","bangphli 2","บางพลี 2","邦披2厂","13.632362","100.770676","CPAC"
"31BU","bangb","บางบ่อ","巴阿昂巴่阿厂","13.572039","100.830367","CPAC"
"31BW","paknam","ปากน้ำ","巴阿甲纳้安厂","13.614861","100.591672","CPAC"
"31C2","khlng 1","คลอง 1","卡拉阿昂1厂","13.981348","100.63294","CPAC"
"31CC","saaekngam 2","สะแกงาม 2","沙ะ艾甲昂阿玛2厂","13.627745","100.436039","CPAC"
"31CE","sukhswasdi","สุขสวัสดิ์","沙乌卡沙瓦安沙达伊์厂","13.62776","100.536134","CPAC"
"31CG","bangbawthng","บางบัวทอง","巴阿昂巴安瓦塔阿昂厂","13.946881","100.450464","CPAC"
"31CL","bangokhl","บางโคล่","巴阿昂奥卡拉่厂","13.689009","100.507067","CPAC"
"31CQ","aephrksa","แพรกษา","艾帕拉甲沙阿厂","13.576042","100.651364","CPAC"
"31CT","rangsit","รังสิต","兰实厂","14.04472","100.621029","CPAC"
"31D4","pthumthani 2","ปทุมธานี 2","巴吞他尼2厂","13.966104","100.54111","CPAC"
"31DM","sayaihm","สายไหม","赛迈厂","13.922822","100.688203","CPAC"
"31DT","aekhray 2","แคราย 2","艾卡拉阿亚2厂","13.868125","100.491562","CPAC"
"31DU","thaphra","ท่าพระ","塔่阿帕拉ะ厂","13.713818","100.464964","CPAC"
"31EM","bangsn 3","บางซ่อน 3","巴阿昂萨่阿纳3厂","13.816958","100.513648","CPAC"
"31EN","kingaekw","กิ่งแก้ว","甲伊่昂艾甲้瓦厂","13.681861","100.716391","CPAC"
"31EO","ladhlumaekw","ลาดหลุมแก้ว","拉阿达哈拉乌玛艾甲้瓦厂","14.053812","100.455114","CPAC"
"31EP","aithrny","ไทรน้อย","艾塔拉纳้阿亚厂","13.957027","100.36488","CPAC"
"31ES","khlnghlwng","คลองหลวง","卡拉阿昂哈拉瓦昂厂","14.132596","100.633136","CPAC"
"31ET","rmekla","ร่มเกล้า","拉่玛艾甲拉้阿厂","13.738089","100.745378","CPAC"
"31EV","bangchak 2","บางจาก 2","巴阿昂扎阿甲2厂","13.69754","100.591162","CPAC"
"31EZ","chayphฤks","ชัยพฤกษ์","察安亚帕ฤ甲沙์厂","13.922294","100.4844","CPAC"
"31FA","sraaekw","สระแก้ว","沙缴厂","13.778823","102.185686","CPAC"
"31FE","kbinthrburi","กบินทร์บุรี","甲巴伊纳塔拉์巴乌拉伊厂","13.98501","101.774876","CPAC"
"31FI","aekngkhy","แก่งคอย","艾甲่昂卡阿亚厂","14.634637","101.040853","CPAC"
"31FJ","hnngaekh 2","หนองแค 2","哈纳阿昂艾卡2厂","14.356702","100.874717","CPAC"
"31FK","lphburi","ลพบุรี","华富里厂","14.791123","100.711489","CPAC"
"31FM","ekhawng 4","เขาวง 4","艾卡阿瓦昂4厂","14.680745","100.856241","CPAC"
"31FR","raypraeths","อรัญประเทศ","阿拉安亚巴拉ะ艾塔沙厂","13.728325","102.482857","CPAC"
"31FS","srimhaophthi","ศรีมหาโพธิ","沙拉伊玛哈阿奥帕塔伊厂","13.869859","101.55907","CPAC"
"31FT","prachinburi 2","ปราจีนบุรี 2","巴真2厂","14.10848","101.371673","CPAC"
"31FW","hnngaekh-raphiphathn","หนองแค-ระพีพัฒน์","哈纳阿昂艾卡-拉ะ帕伊帕安塔纳์厂","14.360305","100.829198","CPAC"
"31FX","ngkhraks 2","องครักษ์ 2","阿昂卡拉安甲沙์2厂","14.143155","100.988078","CPAC"
"31G2","nikhmehmrach-bwin","นิคมเหมราช-บ่อวิน","工业区艾哈玛拉阿察-巴่阿瓦伊纳厂","13.075587","101.117429","CPAC"
"31G3","sriracha M1","ศรีราชา M1","沙拉伊拉阿察阿M1厂","13.155132","100.9838","CPAC"
"31G4","srimhaophthi 3","ศรีมหาโพธิ 3","沙拉伊玛哈阿奥帕塔伊3厂","13.869988","101.559102","CPAC"
"31G7","aehlmchbang-thungkrad 1","แหลมฉบัง-ทุ่งกราด 1","林查班-塔乌่昂甲拉阿达1厂","13.064624","100.931632","CPAC"
"31GA","chaechingethra 2","ฉะเชิงเทรา 2","北柳2厂","13.721732","101.044312","CPAC"
"31GC","ektewy 1","เกตเวย์ 1","艾甲达艾瓦亚์1厂","13.618676","101.309597","CPAC"
"31GD","bangwaw","บางวัว","巴阿昂瓦安瓦厂","13.543612","100.965293","CPAC"
"31GE","phathya","พัทยา","芭提雅厂","12.959166","100.90768","CPAC"
"31GF","phanthng 1","พานทอง 1","帕阿纳塔阿昂1厂","13.452852","101.00641","CPAC"
"31GG","sriracha 2","ศรีราชา 2","沙拉伊拉阿察阿2厂","13.155147","100.983816","CPAC"
"31GH","aehlmchbang 1","แหลมฉบัง 1","林查班1厂","13.081854","100.921223","CPAC"
"31GI","chlburikhirinkhr","ชลบุรีคีรีนคร","春武里卡伊拉伊纳卡拉厂","13.314397","100.978126","CPAC"
"31GJ","chmethiyn 1","จอมเทียน 1","扎阿玛艾塔伊亚纳1厂","12.895133","100.907668","CPAC"
"31GM","mtankhr","อมตะนคร","安美德纳卡拉厂","13.416923","101.069491","CPAC"
"31GN","banophthi","บ้านโพธิ์","巴้阿纳奥帕塔伊์厂","13.619487","101.031134","CPAC"
"31GO","chmethiyn 2","จอมเทียน 2","扎阿玛艾塔伊亚纳2厂","12.895206","100.907621","CPAC"
"31GQ","phanthng 4","พานทอง 4","帕阿纳塔阿昂4厂","13.452098","101.059615","CPAC"
"31GY","aehlmchbang-thungkrad 2","แหลมฉบัง-ทุ่งกราด 2","林查班-塔乌่昂甲拉阿达2厂","13.0648","100.931476","CPAC"
"31HA","mabtaphud 3","มาบตาพุด 3","玛达普3厂","12.73889","101.150092","CPAC"
"31HC","chanthburi","จันทบุรี","尖竹汶厂","12.625008","102.056441","CPAC"
"31HH","rayng","ระยอง","罗勇厂","12.644927","101.356506","CPAC"
"31HM","mabtaphud 4","มาบตาพุด 4","玛达普4厂","12.73889","101.150107","CPAC"
"31HR","mabtaphud 6","มาบตาพุด 6","玛达普6厂","12.715555","101.124521","CPAC"
"31HS","nikhmehmrach","นิคมเหมราช","工业区艾哈玛拉阿察厂","13.073213","101.172031","CPAC"
"31HU","nikhmmtasiti","นิคมอมตะซิตี้","工业区安美德萨伊达伊้厂","12.956544","101.103573","CPAC"
"31HV","nikhmekhruesiemntaithy 2","นิคมเครือซิเมนต์ไทย 2","工业区艾卡拉厄阿萨伊艾玛纳达์艾塔亚2厂","12.832716","101.237539","CPAC"
"31HW","nikhmpinthng","นิคมปิ่นทอง","工业区巴伊่纳塔阿昂厂","13.091869","101.080577","CPAC"
"31IM","phrhmni","พรหมณี","帕拉哈玛纳伊厂","14.236343","101.15955","CPAC"
"31IN","prachinburi-rbemueng","ปราจีนบุรี-รอบเมือง","巴真-拉阿巴艾玛厄阿昂厂","14.038777","101.371658","CPAC"
"31K3","aichoy","ไชโย","艾察奥亚厂","14.717889","100.45737","CPAC"
"31K4","phachi 3 (pidchawkhraw)","ภาชี 3  (ปิดชั่วคราว)","帕阿察伊3(巴伊达察安่瓦卡拉阿瓦)厂","14.40711","100.69799","CPAC"
"31K9","pakth","ปากท่อ","巴阿甲塔่阿厂","13.366338","99.792091","CPAC"
"31KA","singhburi","สิงห์บุรี","信武里厂","14.992288","100.352923","CPAC"
"31KD","orchna","โรจนะ","罗勇那厂","14.325337","100.645433","CPAC"
"31KG","esna","เสนา","艾沙纳阿厂","14.306547","100.42244","CPAC"
"31KJ","chaynath","ชัยนาท","猜纳厂","15.238351","100.218629","CPAC"
"31KK","angthng","อ่างทอง","红统厂","14.603291","100.403727","CPAC"
"31KO","suphrrnburi 2","สุพรรณบุรี 2","素攀武里2厂","14.461158","100.169075","CPAC"
"31KQ","wangny","วังน้อย","瓦安昂纳้阿亚厂","14.224871","100.704197","CPAC"
"31KR","orchna-uthay","โรจนะ-อุทัย","罗勇那-阿乌塔安亚厂","14.368852","100.675282","CPAC"
"31KS","shratnnkhr","สหรัตนนคร","沙哈拉安达纳纳卡拉厂","14.456992","100.612111","CPAC"
"31KU","ladbawhlwng 2","ลาดบัวหลวง 2","拉阿达巴安瓦哈拉瓦昂2厂","14.183623","100.29286","CPAC"
"31KY","monrmy 2","มโนรมย์ 2","玛奥纳拉玛亚์2厂","15.311457","100.103547","CPAC"
"31KZ","paomk","ป่าโมก","巴่阿奥玛甲厂","14.473446","100.532514","CPAC"
"31L9","nangrng 2","นางรอง 2","纳阿昂拉阿昂2厂","14.606743","102.775773","CPAC"
"31LC","ophtharam","โพธาราม","奥帕塔阿拉阿玛厂","13.66917","99.868842","CPAC"
"31LF","phuththmnthlsay 7","พุทธมณฑลสาย 7","帕乌塔塔玛纳塔拉沙阿亚7厂","13.767535","100.230291","CPAC"
"31LG","banopng","บ้านโป่ง","巴้阿纳奥巴่昂厂","13.797656","99.850506","CPAC"
"31LL","nkhrpthm 2","นครปฐม 2","佛统2厂","13.799965","100.027988","CPAC"
"31LM","orngnganbangeln (bangphasi)","โรงงานบางเลน (บางภาษี)","工厂巴阿昂艾拉纳(巴阿昂帕阿沙伊)","14.008907","100.247836","CPAC"
"31LN","salaya 2","ศาลายา 2","沙阿拉阿亚阿2厂","13.854569","100.300444","CPAC"
"31LP","kamaephngaesn 2","กำแพงแสน 2","甲安艾帕昂艾沙纳2厂","14.025593","100.035994","CPAC"
"31LU","dntum","ดอนตูม","达阿纳达乌玛厂","13.97241","100.113616","CPAC"
"31LV","phrapraothn","พระประโทน","帕拉ะ巴拉ะ奥塔纳厂","13.804119","100.093495","CPAC"
"31M1","pakthngchay 2","ปักธงชัย 2","巴安甲塔昂察安亚2厂","14.763821","102.011199","CPAC"
"31MA","mny","อ้อมน้อย","阿้阿玛纳้阿亚厂","13.70201","100.286094","CPAC"
"31MB","smuthrsakhr","สมุทรสาคร","龙仔厝厂","13.57322","100.291753","CPAC"
"31MC","ekhayy","เขาย้อย","艾卡阿亚้阿亚厂","13.242172","99.820124","CPAC"
"31ME","khlangsmuthrsakhr","คลังสมุทรสาคร","卡拉安昂龙仔厝厂","13.532039","100.244918","CPAC"
"31MF","ephchrburi","เพชรบุรี","碧武里厂","13.057175","99.945538","CPAC"
"31MG","smuthrsngkhram","สมุทรสงคราม","夜功厂","13.369723","99.9576","CPAC"
"31MH","okhkkham","โคกขาม","奥卡甲卡阿玛厂","13.560087","100.3144","CPAC"
"31MI","chaam 2 (pidchawkhraw)","ชะอำ 2 (ปิดชั่วคราว)","察ะ阿安2(巴伊达察安่瓦卡拉阿瓦)厂","12.778534","99.968012","CPAC"
"31ML","chaam 3","ชะอำ 3","察ะ阿安3厂","12.660312","99.951219","CPAC"
"31MO","okhkkham 2","โคกขาม 2","奥卡甲卡阿玛2厂","13.583993","100.368526","CPAC"
"31MR","ekhawangrachburi","เขาวังราชบุรี","艾卡阿瓦安昂叻丕厂","13.524377","99.773241","CPAC"
"31MV","pranburi","ปราณบุรี","巴拉阿纳巴乌拉伊厂","12.389912","99.922136","CPAC"
"31MW","kahlng","กาหลง","甲阿哈拉昂厂","13.482941","100.11788","CPAC"
"31MX","banaephw 2","บ้านแพ้ว 2","巴้阿纳艾帕้瓦2厂","13.554117","100.133246","CPAC"
"31MY","hawhin 2","หัวหิน 2","哈安瓦哈伊纳2厂","12.50453","99.910379","CPAC"
"31MZ","krathumaebn","กระทุ่มแบน","甲拉ะ塔乌่玛艾巴纳厂","13.631595","100.301497","CPAC"
"31N3","bangsn 4","บางซ่อน 4","巴阿昂萨่阿纳4厂","13.816799","100.513382","CPAC"
"31N6","rasdrburna 4","ราษฎร์บูรณะ 4","拉阿沙达拉์巴乌拉纳ะ4厂","13.67743","100.511603","CPAC"
"31N8","phraram 4/3","พระราม 4/3","帕拉ะ拉阿玛4/3厂","13.725212","100.549574","CPAC"
"31N9","phraram 4/2","พระราม 4/2","帕拉ะ拉阿玛4/2厂","13.725564","100.549573","CPAC"
"31NG","nwnkhr 4","นวนคร 4","纳瓦纳卡拉4厂","14.128272","100.591193","CPAC"
"31NN","kalpphฤks","กัลปพฤกษ์","甲安拉巴帕ฤ甲沙์厂","13.69454","100.439292","CPAC"
"31NQ","tlingchan 3","ตลิ่งชัน 3","达拉伊่昂察安纳3厂","13.784692","100.455162","CPAC"
"31NR","bangna km.23","บางนา กม.23","邦纳甲玛.23厂","13.597843","100.805221","CPAC"
"31NS","mhaswasdi 2","มหาสวัสดิ์ 2","玛哈阿沙瓦安沙达伊์2厂","13.807732","100.358298","CPAC"
"31NU","hlaksi","หลักสี่","哈拉安甲沙伊่厂","13.895844","100.586479","CPAC"
"31NV","bangsriemueng","บางศรีเมือง","巴阿昂沙拉伊艾玛厄阿昂厂","13.846338","100.464741","CPAC"
"31NZ","nwminthr 2","นวมินทร์ 2","纳瓦玛伊纳塔拉์2厂","13.827084","100.630447","CPAC"
"31O5","sikhiw 2","สีคิ้ว 2","沙伊卡伊้瓦2厂","14.888713","101.63929","CPAC"
"31P4","banaiph 2","บ้านไผ่ 2","巴้阿纳艾帕่2厂","16.09264","102.730671","CPAC"
"31PA","okhrach","โคราช","呵叻厂","14.93311","102.05381","CPAC"
"31PB","okhrach-banophthi","โคราช-บ้านโพธิ์","呵叻-巴้阿纳奥帕塔伊์厂","15.059589","102.187206","CPAC"
"31PD","okhrach-hawthael 2","โคราช-หัวทะเล 2","呵叻-哈安瓦塔ะ艾拉2厂","14.950441","102.142514","CPAC"
"31PI","buriramy","บุรีรัมย์","武里南厂","14.974895","103.124629","CPAC"
"31PY","buriramy 2","บุรีรัมย์ 2","武里南2厂","14.961401","103.030752","CPAC"
"31PZ","mukdahar 3","มุกดาหาร 3","穆达汉3厂","16.552972","104.648265","CPAC"
"31QA","khnaekn","ขอนแก่น","孔敬厂","16.386431","102.827211","CPAC"
"31QB","khnaekn-maliwaly","ขอนแก่น-มะลิวัลย์","孔敬-玛ะ拉伊瓦安拉亚์厂","16.449803","102.74458","CPAC"
"31QC","khnaekn-bansamray","ขอนแก่น-บ้านสำราญ","孔敬-巴้阿纳沙安拉阿亚厂","16.51505","102.834243","CPAC"
"31QE","mhasarkham","มหาสารคาม","玛哈沙拉堪厂","16.16246","103.34478","CPAC"
"31QF","udr-ophsri","อุดร-โพศรี","乌隆-奥帕沙拉伊厂","17.427358","102.765496","CPAC"
"31QP","kumphwapi","กุมภวาปี","甲乌玛帕瓦阿巴伊厂","17.142036","102.948624","CPAC"
"31QQ","mhasarkham 2","มหาสารคาม 2","玛哈沙拉堪2厂","16.2551","103.27704","CPAC"
"31QR","namphng-finikhs","น้ำพอง-ฟินิคซ","纳้安帕阿昂-发伊纳伊卡萨厂","16.685067","102.757441","CPAC"
"31QV","mhasarkham 3","มหาสารคาม 3","玛哈沙拉堪3厂","16.190354","103.228134","CPAC"
"31QW","kuchinarayn 2","กุฉินารายณ์ 2","甲乌察伊纳阿拉阿亚纳์2厂","16.487312","104.052164","CPAC"
"31RA","ubl-warin","อุบล-วาริน","乌汶-瓦阿拉伊纳厂","15.178114","104.842132","CPAC"
"31RB","ubl-airny","อุบล-ไร่น้อย","乌汶-艾拉่纳้阿亚厂","15.321295","104.904613","CPAC"
"31RC","ubl-hnngkhn","อุบล-หนองขอน","乌汶-哈纳阿昂卡阿纳厂","15.315176","104.743343","CPAC"
"31RH","sklnkhr","สกลนคร","沙功那空厂","17.163872","104.103078","CPAC"
"31RJ","ryed","ร้อยเอ็ด","黎逸厂","16.080811","103.582139","CPAC"
"31RL","mukdahar 2","มุกดาหาร 2","穆达汉2厂","16.638293","104.703918","CPAC"
"31RU","hnngki","หนองกี่","哈纳阿昂甲伊่厂","14.702742","102.48096","CPAC"
"31RV","stuek","สตึก","沙达厄甲厂","15.271813","103.26914","CPAC"
"31RW","krasang","กระสัง","甲拉ะ沙安昂厂","14.921018","103.295806","CPAC"
"31U1","echiyngaihm-aemoch 2","เชียงใหม่-แม่โจ้ 2","清迈-艾玛่奥扎้2厂","18.861127","99.016867","CPAC"
"31U3","lampang-aechhm","ลำปาง-แจ้ห่ม","南邦-艾扎้哈่玛厂","18.365277","99.552111","CPAC"
"31U4","phisnuolk-aesngdaw","พิษณุโลก-แสงดาว","彭世洛-艾沙昂达阿瓦厂","16.887034","100.251004","CPAC"
"31U7","aephr-ednchay","แพร่-เด่นชัย","帕-艾达่纳察安亚厂","17.992209","100.097183","CPAC"
"31U9","lamphun-pasang","ลำพูน-ป่าซาง","南奔-巴่阿萨阿昂厂","18.457768","98.911601","CPAC"
"31UA","echiyngaihm 2","เชียงใหม่ 2","清迈2厂","18.763269","99.027248","CPAC"
"31UB","echiyngaihm-hangdng","เชียงใหม่-หางดง","清迈-哈阿昂达昂厂","18.735074","98.93844","CPAC"
"31UC","lamphun","ลำพูน","南奔厂","18.533103","99.078046","CPAC"
"31UD","echiyngaihm-aemoch","เชียงใหม่-แม่โจ้","清迈-艾玛่奥扎้厂","18.861118","99.016409","CPAC"
"31UG","phaeya","พะเยา","帕尧厂","19.154999","99.952343","CPAC"
"31UI","echiyngray","เชียงราย","清莱厂","19.856494","99.819013","CPAC"
"31UN","aemrim-aemaetng","แม่ริม-แม่แตง","艾玛่拉伊玛-艾玛่艾达昂厂","19.072496","98.934887","CPAC"
"31UO","echiyngaihm-sankamaephng","เชียงใหม่-สันกำแพง","清迈-沙安纳甲安艾帕昂厂","18.725798","99.148821","CPAC"
"31UR","echiyngaihm-sanpuely","เชียงใหม่-สันปูเลย","清迈-沙安纳巴乌黎厂","18.795413","99.065903","CPAC"
"31UY","lamphun-nikhmshphathn","ลำพูน-นิคมสหพัฒน์","南奔-工业区沙哈帕安塔纳์厂","18.529998","99.017854","CPAC"
"31V1","okhrach-eliyngemueng","โคราช-เลี่ยงเมือง","呵叻-艾拉伊่亚昂艾玛厄阿昂厂","15.039309","102.093416","CPAC"
"31V2","ochkhchay 3","โชคชัย 3","奥察卡察安亚3厂","14.758373","102.267219","CPAC"
"31V3","khrburi","ครบุรี","卡拉巴乌拉伊厂","14.561443","102.199491","CPAC"
"31V5","danekwiyn","ด่านเกวียน","达่阿纳艾甲瓦伊亚纳厂","14.8098","102.17458","CPAC"
"31V6","ekhaaihy-hnngnamaedng","เขาใหญ่-หนองน้ำแดง","艾卡阿艾哈亚่-哈纳阿昂纳้安艾达昂厂","14.585408","101.353945","CPAC"
"31V7","emuengely","เมืองเลย","艾玛厄阿昂黎厂","17.395337","101.735788","CPAC"
"31VA","phisnuolk","พิษณุโลก","彭世洛厂","16.803427","100.215345","CPAC"
"31VB","lampang","ลำปาง","南邦厂","18.259564","99.465567","CPAC"
"31VE","utrditth","อุตรดิตถ์","程逸厂","17.570987","100.151515","CPAC"
"31VM","wadobsth","วัดโบสถ์","瓦安达奥巴沙塔์厂","16.96572","100.33758","CPAC"
"31VP","srisachnalay-dngkhu","ศรีสัชนาลัย-ดงคู่","沙拉伊沙安察纳阿拉安亚-达昂卡乌่厂","17.546743","99.848013","CPAC"
"31VQ","swrrkholk-baepdry","สวรรคโลก-บ่อแปดร้อย","沙瓦拉拉卡奥拉甲-巴่阿艾巴达拉้阿亚厂","17.352384","99.830065","CPAC"
"31VR","suokhthay 3","สุโขทัย 3","素可泰3厂","16.992542","99.79197","CPAC"
"31VV","phisnuolk-m.nerswr","พิษณุโลก-ม.นเรศวร","彭世洛-玛.纳艾拉沙瓦拉厂","16.746865","100.238643","CPAC"
"31VW","echiyngray-ewiyngchay","เชียงราย-เวียงชัย","清莱-艾瓦伊亚昂察安亚厂","19.906014","99.899808","CPAC"
"31VY","phisnuolk-wangthng","พิษณุโลก-วังทอง","彭世洛-瓦安昂塔阿昂厂","16.761709","100.432845","CPAC"
"31WA","nkhrswrrkh","นครสวรรค์","那空沙旺厂","15.745809","100.121367","CPAC"
"31WC","uthaythani","อุทัยธานี","乌泰他尼厂","15.434769","100.024999","CPAC"
"31WD","nkhrswrrkh-hnngkrd","นครสวรรค์-หนองกรด","那空沙旺-哈纳阿昂甲拉达厂","15.732402","100.029117","CPAC"
"31WE","kamaephngephchr","กำแพงเพชร","甘烹碧厂","16.475969","99.575936","CPAC"
"31WF","tak","ตาก","达厂","16.835885","99.117698","CPAC"
"31WG","phichitr","พิจิตร","披集厂","16.382212","100.374405","CPAC"
"31WI","phyuhakhiri","พยุหะคีรี","帕亚乌哈ะ卡伊拉伊厂","15.399064","100.147927","CPAC"
"31WJ","nkhrswrrkh-buengbraephd","นครสวรรค์-บึงบอระเพ็ด","那空沙旺-巴厄昂巴阿拉ะ艾帕็达厂","15.659968","100.189422","CPAC"
"31WV","echiyngaihm-sanphiesue","เชียงใหม่-สันผีเสื้อ","清迈-沙安纳帕伊艾沙厄้阿厂","18.859045","98.997779","CPAC"
"31WZ","nkhrswrrkh-samaeykeliyngemueng","นครสวรรค์-สามแยกเลี่ยงเมือง","那空沙旺-沙阿玛艾亚甲艾拉伊่亚昂艾玛厄阿昂厂","15.620233","100.11746","CPAC"
"ZZ1A","srisurasdr","ศรีสุราษฎร์","沙拉伊素叻厂","9.164045","99.373314","CPAC"
"ZZ3D","aemkhri-phathlung","แม่ขรี-พัทลุง","艾玛่卡拉伊-博他仑厂","7.367672","100.118955","CPAC"
"ZZ4B","sngkhla-nathwi","สงขลา-นาทวี","宋卡-纳阿塔瓦伊厂","6.774045","100.703992","CPAC"
"ZZ92","RMC, Post Tension and Precast sarphi","RMC, Post Tension and Precast สารภี","RMC,PostTensionandPrecast沙阿拉帕伊厂","18.669289","99.049119","CPAC"
"ZZA5","bangsn 5","บางซ่อน 5","巴阿昂萨่阿纳5厂","13.816835","100.513416","CPAC"
"ZZA7","khlngtan 3","คลองตัน 3","卡拉阿昂达安纳3厂","13.744247","100.593105","CPAC"
"ZZA9","phraram 4/4","พระราม 4/4","帕拉ะ拉阿玛4/4厂","13.725969","100.548958","CPAC"
"ZZAG","banghlwng","บางหลวง","巴阿昂哈拉瓦昂厂","14.024483","100.461606","CPAC"
"ZZAK","bangna km.8-ram2","บางนา กม.8-ราม2","邦纳甲玛.8-拉阿玛2厂","13.661146","100.682204","CPAC"
"ZZAQ","bangna km.4/2","บางนา กม.4/2","邦纳甲玛.4/2厂","13.653715","100.647741","CPAC"
"ZZEZ","HUB PFA phrapraaedng","HUB PFA พระประแดง","HUBPFA帕拉ะ巴拉ะ艾达昂厂","13.653205","100.554744","CPAC"
"ZZFB","echlimphraekiyrti","เฉลิมพระเกียรติ","艾察拉伊玛帕拉ะ艾甲伊亚拉达伊厂","14.736048","100.911928","CPAC"
"ZZFD","mitrphaph 35","มิตรภาพ 35","玛伊达拉帕阿帕35厂","14.619229","101.189492","CPAC"
"ZZFK","nadi 1","นาดี 1","纳阿达伊1厂","14.088532","101.847792","CPAC"
"ZZFM","bwin Mobile","บ่อวิน Mobile","巴่阿瓦伊纳Mobile厂","13.075402","101.116879","CPAC"
"ZZK2","wangtaku","วังตะกู","瓦安昂达ะ甲乌厂","13.871064","100.004269","CPAC"
"ZZK3","phachi - ORU","ภาชี - ORU","帕阿察伊-ORU厂","14.403661","100.69925","CPAC"
"ZZK4","shratnkhr 2","สหรัตนคร 2","沙哈拉安达纳卡拉2厂","14.458206","100.62828","CPAC"
"ZZK5","bangpain","บางปะอิน","巴阿昂巴ะ阿伊纳厂","14.165737","100.561258","CPAC"
"ZZPB","onnsmburn 2","โนนสมบูรณ์ 2","奥纳纳沙玛巴乌拉纳์2厂","16.274911","102.781898","CPAC"
"ZZPM","ephchrmatukhla","เพชรมาตุคลา","艾帕察拉玛阿达乌卡拉阿厂","14.9925","102.203389","CPAC"
"ZZPP","wangnamekhiyw-udmthraphy","วังน้ำเขียว-อุดมทรัพย์","瓦安昂纳้安艾卡伊亚瓦-阿乌达玛塔拉安帕亚์厂","14.515725","101.959144","CPAC"
"ZZQJ","praokhnchay 2","ประโคนชัย 2","巴拉ะ奥卡纳察安亚2厂","14.60515","103.129415","CPAC"
"ZZUB","lamphun-banthi","ลำพูน-บ้านธิ","南奔-巴้阿纳塔伊厂","18.62341","99.074272","CPAC"
"ZZUC","phaeya 2","พะเยา 2","帕尧2厂","19.080232","99.87246","CPAC"
"ZZUG","echiyngaihm-dysaekd","เชียงใหม่-ดอยสะเก็ด","清迈-达阿亚沙ะ艾甲็达厂","18.886481","99.158271","CPAC"
"ZZUH","suokhthay-srisamorng","สุโขทัย-ศรีสำโรง","素可泰-沙拉伊沙安奥拉昂厂","17.187567","99.875353","CPAC"
"ZZUJ","echiyngaihm-dyhl","เชียงใหม่-ดอยหล่อ","清迈-达阿亚哈拉่阿厂","18.524032","98.853204","CPAC"
"ZZUQ","echiyngaihm-santhray","เชียงใหม่-สันทราย","清迈-沙安纳塔拉阿亚厂","18.939774","98.984127","CPAC"
"13IB","邦普(TG)厂","บางปู ( TG)",,"13.5242","100.63989","X"
"13JF","Forestias5(TG)厂","Forestias 5 (TG)",,"13.653449","100.669741","X"
"13JJ","邦纳甲玛.35(TG)厂","บางนา กม.35(TG)",,"13.590254","100.924734","X"
"13JM","TG艾沙玛伊亚纳纳阿拉伊厂","TG เสมียนนารี",,"13.84299","100.55733","X"
"13JO","艾塔帕拉安甲沙์(TG)厂","เทพรักษ์ ( TG)",,"13.876259","100.642142","X"
"13JQ","巴阿昂艾卡纳(TG)厂","บางเขน (TG)",,"13.861319","100.621532","X"
"13JX","帕拉ะ拉阿玛3/3(TG)厂","พระราม 3/3 ( TG)",,"13.672455","100.536895","X"
"13LV","Qmix-X帕阿纳塔阿昂厂","Qmix-X พานทอง",,"13.43241","101.12766","X"
"13LW","达阿瓦艾拉厄阿昂X厂","ดาวเรือง X",,"14.55795","100.925492","X"
"13LX","HighSpeed4-6Qmix-X厂","High Speed 4-6 Qmix-X",,"14.522185","100.857246","X"
"13O2","巴乌拉帕阿塔่阿艾哈玛่(FCTypeX)厂","บูรพา ท่าใหม่(FC Type X)",,"12.661667","101.008267","X"
"13O3","巴乌拉帕阿塔่阿哈拉瓦昂(FCTypeX)厂","บูรพา ท่าหลวง (FC Type X)",,"12.642507","102.138148","X"
"13O4","瓦伊.艾阿沙.卡阿纳甲拉伊达(TypeX)厂","วี.เอส.คอนกรีต(Type X)",,"14.028493","101.693582","X"
"13O5","萨伊奥纳玛阿TypeX厂","ซิโนมา Type X",,"13.176907","101.324891","X"
"13O6","艾巴拉昂亚阿瓦TypeX厂","แปลงยาว Type X",,"13.587227","101.315868","X"
"13O7","瓦伊.艾阿沙.卡阿纳甲拉伊达2(TypeX)厂","วี.เอส.คอนกรีต2 (Type X)",,"14.029395","101.694259","X"
"13OR","甲安亚亚阿瓦伊拉์-X厂","กัญญาวีร์ - X",,"13.536887","101.092569","X"
"13QQ","QMix-X玛达普1(TG)厂","QMix-X มาบตาพุด1 (TG)",,"12.7483597","101.1130720846","X"
"13QR","QMix-X玛达普2(TG)厂","QMix-X มาบตาพุด2 (TG)",,"12.67792148","101.17658893","X"
"13QY","Qmix-X巴阿昂拉ะ玛乌昂厂","Qmix-X บางละมุง",,"13.0375688","100.9288257","X"
"13YQ","CO1罗勇那(巴伊达察安่瓦卡拉阿瓦)厂","CO1 โรจนะ  (ปิดชั่วคราว)",,"14.324946","100.645134","N"
"14EI","FC纳้安帕阿昂玛伊达拉帕阿帕(Typex2)厂","FC น้ำพองมิตรภาพ (Type x2)",,"16.757332","102.809797","X"
"14H3","FC瓦安昂沙ะ帕乌昂(TypeX2)厂","FC วังสะพุง (Type X2)",,"17.29585","101.81584","X"
"14H4","FC乌隆-沙阿玛帕拉้阿瓦(TypeN)厂","FC อุดร-สามพร้าว (Type N)",,"17.44693","102.89011","N"
"14H5","FC乌隆-玛伊达拉帕阿帕卡乌亚่昂哈瓦达TypeN厂","FC อุดร-มิตรภาพ คูย่งฮวด Type N",,"17.301285","102.86458","N"
"14H7","FC那空帕农5(TypeN)厂","FC นครพนม 5 (Type N)",,"17.326595","104.786386","N"
"14H8","FC黎逸3TypeN厂","FC ร้อยเอ็ด3 Type N",,"16.08005","103.70294","N"
"14IU","FC帕拉(TypeX2)厂","FC พล (Type X2)",,"15.857632","102.63288","X"
"14J2","呵叻巴้阿纳奥帕塔伊์(OEM/X2)厂","โคราชบ้านโพธิ์ (OEM/X2)",,"15.013648","102.064354","X"
"15AQ","FC甲阿亚扎纳达伊沙塔์(TypeX)厂","FC กาญจนดิษฐ์ (Type X)",,"9.143885","99.655283","X"
"19AP","帕-拉้阿昂甲瓦阿昂(FCCo-AreaTypeX)厂","แพร่-ร้องกวาง(FC Co-Area Type X)",,"18.342026","100.250267","X"
"19FC","QMix-湄索(TG)厂","QMix-แม่สอด(TG)",,"16.778361","98.593139","X"
"19FD","南邦-艾甲阿ะ卡阿(FCCo-AreaTypeX)厂","ลำปาง-เกาะคา(FC Co-Area Type X)",,"18.15576","99.402717","X"
"19FE","南邦-艾玛่塔ะ(帕阿拉阿达)(FCCo-AreaTypeX)厂","ลำปาง-แม่ทะ(ผาลาด)(FC Co-Area Type X)",,"18.231232","99.597833","X"
"19FH","OEM清莱-纳阿昂艾拉厂","OEM เชียงราย-นางแล",,"20.015948","99.869305","N"
"19FJ","南邦-哈้阿昂察安达拉(FCCo-AreaTypeX)厂","ลำปาง-ห้างฉัตร(FC Co-Area Type X)",,"18.32994","99.3792","X"
"3164","FC巴阿甲纳้安春蓬(TypeX)厂","FC ปากน้ำชุมพร (Type X )",,"10.433459","99.223541","X"
"3165","FC帕阿哈拉瓦昂卡阿纳甲拉伊达厂","FC ผาหลวงคอนกรีต",,"9.5433","100.0554","N"
"3166","FC帕阿哈拉瓦昂卡阿纳甲拉伊达2厂","FC ผาหลวงคอนกรีต 2",,"9.54339","100.055439","N"
"3168","FC哈纳阿昂卡拉伊厂","FC หนองขรี",,"9.108969","99.153707","N"
"31EC","FC卡拉阿昂达่阿纳厂","FC คลองด่าน",,"13.536024","100.83319","N"
"31ED","FC哈拉瓦昂艾帕่昂厂","FC หลวงแพ่ง",,"13.692427","100.85157","N"
"31EF","FC纳帕瓦昂沙์厂","FC นพวงศ์",,"14.006565","100.371367","N"
"31IH","巴阿昂艾沙纳1(FCTypeX)厂","บางแสน 1(FC Type X)",,"13.26494","100.96882","X"
"31P2","FC乌隆他尼(TypeN)厂","FC อุดรธานี (Type N)",,"17.367057","102.856618","N"
"FC000","TestFC-Plant(Name-T)厂","Test FC-Plant(Name-T)",,"1.11","1.12","S"
"FC001","FC察乌玛艾帕厂","FCชุมแพ",,"16.557399","102.06978","S"
"FC002","FC甲安纳塔拉拉安甲沙์厂","FC กันทรลักษ์",,"14.665937","104.604419","S"
"FC006","卡纳阿玛厂","ขนอม",,"9.18517","99.851394","S"
"FC007","哈阿达厂","ฮอด",,"18.17195","98.62015","S"
"FC009","巴蜀厂","ประจวบคีรีขันธ์",,"11.78805","99.77097","S"
"FC013","拉安纳阿拉阿亚纳์厂","ลำนารายณ์",,"15.20394","101.13336","S"
"FC014","FC艾甲้昂卡拉้阿厂","FC แก้งคร้อ",,"16.091149","102.265467","S"
"FC015","巴้阿纳哈玛伊่厂","บ้านหมี่",,"15.03549","100.53546","S"
"FC017","沙阿亚达阿瓦厂","สอยดาว",,"13.091013","102.252083","S"
"FC022","FC沙瓦่阿昂艾达纳达伊纳厂","FC สว่างแดนดิน",,"17.444545","103.412387","S"
"FC023","卡拉阿昂卡拉乌昂厂","คลองขลุง",,"16.146901","99.722289","S"
"FC025","沙拉伊艾塔帕厂","ศรีเทพ",,"15.44375","101.067056","S"
"FC027","拉ะ奥纳达厂","ระโนด",,"7.757735","100.360671","S"
"FC028","艾甲阿ะ拉安纳达阿艾哈亚่厂","เกาะลันตาใหญ่",,"7.594553","99.042694","S"
"FC029","艾察亚阿厂","ไชยา",,"9.42634","99.15371","S"
"FC031","FC沙伊卡伊้瓦厂","FC สีคิ้ว",,"14.87127","101.73127","S"
"FC035","巴阿昂沙ะ帕阿纳厂","บางสะพาน",,"11.248345","99.450371","S"
"FC036","碧差汶厂","เพชรบูรณ์",,"16.465762","101.155163","S"
"FC040","艾察伊่亚瓦哈拉阿纳厂","เชี่ยวหลาน",,"8.90104","98.88554","S"
"FC041","FC四色菊厂","FC ศรีสะเกษ",,"15.10394","104.36462","S"
"FC043","艾甲阿ะ察้阿昂厂","เกาะช้าง",,"12.129002","102.272303","S"
"FC045","卡阿纳乌瓦拉拉安甲沙巴乌拉伊厂","ขาณุวรลักษบุรี",,"16.087946","99.852011","S"
"FC046","瓦安昂玛่瓦昂厂","วังม่วง",,"14.843155","101.105522","S"
"FC048","艾玛่沙阿亚厂","แม่สาย",,"20.41853","99.90113","S"
"FC049","艾玛่扎安纳厂","แม่จัน",,"20.19906","99.9125","S"
"FC050","FC帕伊玛阿亚2厂","FC พิมาย 2",,"15.20498","102.49677","S"
"FC051","哈拉่玛沙安甲厂","หล่มสัก",,"16.744101","101.196282","S"
"FC053","哈纳阿昂艾帕่厂","หนองไผ่",,"15.959196","101.0458558","S"
"FC056","帕纳玛沙阿拉卡阿玛厂","พนมสารคาม",,"13.700002","101.431624","S"
"FC057","巴安瓦厂","ปัว",,"19.206283","100.923541","S"
"FC058","哈安瓦艾塔拉厂","หัวไทร",,"8.05082","100.22889","S"
"FC062","达่阿纳察้阿昂厂","ด่านช้าง",,"14.84882","99.75131","S"
"FC063","FC巴阿甲察่阿昂2厂","FC ปากช่อง 2",,"14.67801","101.39947","S"
"FC065","巴้阿纳纳阿厂","บ้านนา",,"14.27052","101.06534","S"
"FC067","塔่阿达ะ奥甲厂","ท่าตะโก",,"15.626722","100.47104","S"
"FC068","巴้阿纳阿安艾帕阿厂","บ้านอำเภอ",,"12.83599","100.91491","S"
"FC069","扎阿玛巴厄昂厂","จอมบึง",,"13.63085","99.60024","S"
"FC070","塔่阿玛ะ甲阿厂","ท่ามะกา",,"13.94163","99.75941","S"
"FC071","巴拉瓦甲艾达昂厂","ปลวกแดง",,"12.96818","101.19975","S"
"FC072","沙伊昂哈纳卡拉厂","สิงหนคร",,"7.34487","100.46858","S"
"FC081","FC巴拉阿沙阿塔厂","FC ปราสาท",,"14.62035","103.41354","S"
"FC082","沙敦厂","สตูล",,"6.69121","100.07017","S"
"FC088","巴阿昂纳้安艾巴拉伊้亚瓦厂","บางน้ำเปรี้ยว",,"13.84979","101.05163","S"
"FC089","FC塔่阿巴่阿厂","FC ท่าบ่อ",,"17.789944","102.599675","S"
"FC090","FC素林厂","FC สุรินทร์",,"14.8965556","103.4965","S"
"FC092","阿乌่塔阿昂厂","อู่ทอง",,"14.38987","99.92495","S"
"FC094","巴阿昂拉ะ甲安厂","บางระกำ",,"16.74544","100.10361","S"
"FC095","玛瓦甲艾哈拉็甲厂","มวกเหล็ก",,"14.63499","101.19043","S"
"FC098","塔安巴巴乌达厂","ทับปุด",,"8.509114","98.628862","S"
"FC101","奥帕塔ะ艾拉厂","โพทะเล",,"16.05171","100.33088","S"
"FC105","工业区帕安塔纳阿厂","นิคมพัฒนา",,"12.90903","101.11365","S"
"FC111","达阿瓦艾拉厄阿昂厂","ดาวเรือง",,"14.55752","100.92471","S"
"FC113","FC塔่阿达乌玛厂","FC ท่าตูม",,"15.32304","103.7286","S"
"FC114","FC沙伊达阿厂","FC สีดา",,"15.45341","102.49767","S"
"FC115","艾甲阿ะ帕昂安纳厂","เกาะพงัน",,"9.710075","100.001047","S"
"FC117","巴้阿纳阿安艾帕阿2厂","บ้านอำเภอ2",,"12.835664","100.915201","S"
"FC118","巴้阿纳艾拉่厂","บ้านไร่",,"15.092534","99.521218","S"
"FC121","卡拉阿昂拉阿纳厂","คลองลาน",,"16.134988","99.327983","S"
"FC127","北大年厂","ปัตตานี",,"6.85765","101.22423","S"
"FC129","塔乌่昂艾哈亚่厂","ทุ่งใหญ่",,"8.331372","99.437058","S"
"FC130","瓦察伊拉巴阿拉玛伊厂","วชิรบารมี",,"16.50119","100.14435","S"
"FC136","FC安纳乍能厂","FC อำนาจเจริญ",,"15.8451","104.57336","S"
"FC137","哈้瓦亚玛昂卡拉厂","ห้วยมงคล",,"12.585398","99.815789","S"
"FC138","哈安纳达拉阿厂","หันตรา",,"14.390088","100.596296","S"
"FC139","卡拉阿昂11厂","คลอง 11",,"14.047008","100.81149","S"
"FC141","FC加拉信厂","FCกาฬสินธุ์",,"16.453958","103.54436","S"
"FC142","巴阿昂巴拉阿玛้阿厂","บางปลาม้า",,"14.371629","100.180503","S"
"FC143","FC塔阿达乌帕纳玛厂","FC ธาตุพนม",,"16.932261","104.696167","S"
"FC144","FC察乌玛帕瓦昂厂","FC ชุมพวง",,"15.35775","102.80072","S"
"FC146","发阿昂2厂","ฝาง 2",,"19.954699","99.237835","S"
"FC147","FC拉安巴拉阿亚玛阿沙厂","FC ลำปลายมาศ",,"15.0026811","102.8220272","S"
"FC148","帕拉阿纳甲拉ะ达่阿亚厂","พรานกระต่าย",,"16.680041","99.609267","S"
"FC153","塔安巴卡拉้阿厂","ทับคล้อ",,"16.16924","100.6259","S"
"FC154","达ะ帕阿纳哈伊纳厂","ตะพานหิน",,"16.192711","100.403349","S"
"FC156","FC玛安亚扎阿卡伊拉伊厂","FC มัญจาคีรี",,"16.169669","102.55575","S"
"FC157","FC扎安甲拉阿察厂","FC จักราช",,"15.00978","102.42612","S"
"FC158","艾甲่昂甲拉ะ扎阿纳厂","แก่งกระจาน",,"12.880146","99.709715","S"
"FC160","FC巴阿甲察่阿昂3厂","FC ปากช่อง 3",,"14.66563","101.43224","S"
"FC162","沙乌艾哈昂奥甲拉甲厂","สุไหงโกลก",,"6.05475","102.01491","S"
"FC165","瓦伊艾察伊亚拉巴乌拉伊厂","วิเชียรบุรี",,"15.65774","101.03693","S"
"FC166","巴่阿塔阿昂(扎.北大年)厂","บ่อทอง (จ.ปัตตานี)",,"6.79897","101.14772","S"
"FC167","帕伊察安亚厂","พิชัย",,"17.285842","100.069781","S"
"FC169","玛阿巴巴拉ะ察安纳厂","มาบประชัน",,"12.948645","100.960057","S"
"FC172","昂阿瓦厂","งาว",,"18.7516","99.97074","S"
"FC174","艾察伊亚昂卡阿昂厂","เชียงของ",,"20.177333","100.406427","S"
"FC175","帕安塔纳阿工业区","พัฒนานิคม",,"14.87385","100.90963","S"
"FC176","巴阿昂达ะ艾卡伊亚纳厂","บางตะเคียน",,"14.223485","100.117913","S"
"FC178","巴้阿纳艾拉่2厂","บ้านไร่ 2",,"15.01557","99.624348","S"
"FC179","FC巴安艾哈纳็扎纳拉昂卡์厂","FC บำเหน็จณรงค์",,"15.468312","101.738839","S"
"FC181","FC安纳乍能2厂","FC อำนาจเจริญ 2",,"15.633329","104.673779","S"
"FC187","纳卡拉艾塔亚厂","นครไทย",,"17.104537","100.834032","S"
"FC188","FC艾拉伊昂纳甲塔阿厂","FC เลิงนกทา",,"16.242552","104.520962","S"
"FC189","FC达拉ะ甲阿拉帕厄察帕拉厂","FC ตระการพืชผล",,"15.5813718","105.0119205","S"
"FC192","FC瓦阿纳拉纳伊瓦阿沙厂","FC วานรนิวาส",,"17.598602","103.738816","S"
"FC193","FC沙玛艾达็扎厂","FCสมเด็จ",,"16.713578","103.707547","S"
"FC194","帕阿纳厂","พาน",,"19.568432","99.758568","S"
"FC195","艾瓦伊亚昂巴่阿艾巴้阿厂","เวียงป่าเป้า",,"19.248252","99.51566","S"
"FC197","沙拉拉卡巴乌拉伊厂","สรรคบุรี",,"15.0231","100.1014","S"
"FC199","陶公2厂","นราธิวาส 2",,"6.41193","101.83965","S"
"FC201","沙拉伊巴拉ะ扎安纳达์厂","ศรีประจันต์",,"14.607425","100.109065","S"
"FC204","艾察伊亚昂艾沙纳厂","เชียงแสน",,"20.2372614","100.1554585","S"
"FC205","艾玛่沙ะ艾拉伊亚昂厂","แม่สะเรียง",,"18.185076","97.933823","S"
"FC207","甲昂艾甲拉拉阿沙厂","กงไกรลาศ",,"16.958667","99.982954","S"
"FC208","帕拉哈玛帕伊拉阿玛厂","พรหมพิราม",,"17.092334","100.171003","S"
"FC209","巴้阿纳哈玛阿厂","บ้านหมอ",,"14.588082","100.708607","S"
"FC210","拉ะ昂乌厂","ละงู",,"6.884307","99.829883","S"
"FC212","哈安瓦艾塔拉2厂","หัวไทร 2",,"8.05082","100.22889","S"
"FC213","沙伊察拉厂","สิชล",,"9.011559","99.874713","S"
"FC214","沙拉ะ甲拉ะ奥扎玛厂","สระกระโจม",,"14.671076","99.855208","S"
"FC216","帕拉้阿瓦厂","พร้าว",,"19.367269","99.214635","S"
"FC218","巴่阿拉้阿厂","บ่อล้อ",,"8.10798","100.096","S"
"FC219","艾察伊亚昂卡安厂","เชียงคำ",,"19.514416","100.271318","S"
"FC221","攀牙厂","พังงา",,"8.534","98.5056","S"
"FC222","FC艾卡玛拉阿塔厂","FC เขมราฐ",,"15.9607381","105.2060523","S"
"FC225","FC沙拉伊瓦伊艾拉厂","FC ศรีวิไล",,"18.185947","103.735133","S"
"FC226","FC艾瓦昂艾哈亚่厂","FCแวงใหญ่",,"15.947526","102.537115","S"
"FC227","沙ะ艾达阿厂","สะเดา",,"6.5964","100.4172","S"
"FC228","帕纳安沙工业区","พนัสนิคม",,"13.498036","101.16368","S"
"FC231","FC奥纳纳卡乌纳厂","FC โนนคูณ",,"14.8855443","104.7087996","S"
"FC232","FC巴้阿纳帕厄阿厂","FC บ้านผือ",,"17.677332","102.503121","S"
"FC236","塔安巴沙ะ艾甲厂","ทับสะแก",,"11.431129","99.559884","S"
"FC238","察ะ阿瓦达厂","ชะอวด",,"7.997714","99.905271","S"
"FC240","塔拉安帕亚์艾帕拉瓦安拉亚์厂","ทรัพย์ไพรวัลย์",,"16.901481","100.642309","S"
"FC242","FC帕乌艾拉厄阿厂","FC ภูเรือ",,"17.407913","101.293304","S"
"FC243","FC沙伊察玛帕乌厂","FCสีชมพู",,"16.840264","102.178847","S"
"FC245","FC素林2厂","FC สุรินทร์ 2",,"14.873593","103.567422","S"
"FC246","察纳艾达纳厂","ชนแดน",,"16.193495","100.860889","S"
"FC247","艾玛่沙拉瓦亚厂","แม่สรวย",,"19.629237","99.517371","S"
"FC248","沙阿昂帕伊่纳้阿昂厂","สองพี่น้อง",,"14.220428","99.919803","S"
"FC249","达่阿纳察้阿昂2厂","ด่านช้าง 2",,"14.846858","99.787377","S"
"FC250","拉阿纳甲拉ะ巴厄阿厂","ลานกระบือ",,"16.6104941","99.8755132","S"
"FC253","纳阿沙阿拉厂","นาสาร",,"8.786880064","99.31799983","S"
"FC254","帕纳玛塔瓦纳厂","พนมทวน",,"14.9","99.42","S"
"FC255","哈纳阿昂巴安瓦厂","หนองบัว",,"15.51144","100.36351","S"
"FC256","巴้阿纳巴厄昂2厂","บ้านบึง2",,"13.3024","101.1466","S"
"FC258","FC巴้阿纳艾帕昂厂","FC บ้านแพง",,"17.910047","104.230074","S"
"FC259","瓦安昂察玛帕乌厂","วังชมภู",,"16.234976","101.082821","S"
"FC260","FC沙拉伊塔阿达乌厂","FC ศรีธาตุ",,"16.9726478","103.2305927","S"
"FC261","拉阿达亚阿瓦厂","ลาดยาว",,"15.761052","99.746718","S"
"FC265","艾塔伊昂厂","เทิง",,"19.706735","100.215132","S"
"FC266","FC巴安瓦艾哈亚่厂","FC บัวใหญ่",,"15.65271","102.36767","S"
"FC267","FC帕拉艾扎拉伊亚厂","FC พรเจริญ",,"18.043044","103.722836","S"
"FC268","FC阿乌塔乌玛帕拉帕伊沙安亚厂","FC อุทุมพรพิสัย",,"15.15292","104.198466","S"
"FC269","FC艾帕拉巴厄昂厂","FC ไพรบึง",,"14.4421","104.2142","S"
"FC270","塔乌่昂玛ะ帕拉้阿瓦厂","ทุ่งมะพร้าว",,"8.49014","98.274019","S"
"FC272","哈纳阿昂艾哈亚่2厂","หนองใหญ่ 2",,"13.137259","101.34471","S"
"FC273","沙安达哈伊巴2厂","สัตหีบ 2",,"12.731283","100.904603","S"
"FC274","FC巴้阿纳艾塔่纳厂","FC บ้านแท่น",,"16.329024","102.187399","S"
"FC276","艾察亚巴拉阿甲阿拉厂","ไชยปราการ",,"19.667464","99.144477","S"
"FC278","艾卡阿卡้阿厂","เขาค้อ",,"16.752324","101.017182","S"
"FC280","巴่阿艾达达厂","ป่าแดด",,"19.540317","99.97897","S"
"FC282","拉廊厂","ระนอง",,"10.024369","98.656903","S"
"FC283","FC哈纳阿昂沙阿昂哈้阿昂厂","FCหนองสองห้อง",,"15.739032878397","102.783871051287","S"
"FC284","沙安达哈伊巴3厂","สัตหีบ 3",,"12.731088","100.904742","S"
"FC285","FC巴塔乌玛拉阿察瓦昂沙阿厂","FC ปทุมราชวงศา",,"15.874484","104.915662","S"
"FC286","FC帕乌甲拉ะ达厄昂厂","FC ภูกระดึง",,"16.89202","101.91329","S"
"FC287","玛阿巴阿安玛ฤ达厂","มาบอำมฤต",,"10.924543","99.304588","S"
"FC288","FC亚阿昂达拉阿达厂","FC ยางตลาด",,"16.396997","103.317272","S"
"FC289","卡拉阿昂卡拉乌昂2厂","คลองขลุง 2",,"16.146748","99.7209683","S"
"FC290","FC纳้安亚厄纳厂","FC น้ำยืน",,"14.515228","105.020393","S"
"FC291","FC拉ะ哈阿纳塔拉阿亚厂","FC ละหานทราย",,"14.4161122","102.8525347","S"
"FC292","FC沙乌瓦拉拉纳帕乌玛伊厂","FCสุวรรณภูมิ",,"15.6145564","103.8369262","S"
"FC293","巴拉拉帕达帕伊沙安亚厂","บรรพตพิสัย",,"15.906583","100.011872","S"
"FC295","巴阿昂沙瓦拉拉卡์3厂","บางสวรรค์ 3",,"8.615","98.962","S"
"FC296","FC巴阿甲察玛厂","FC ปากชม",,"18.025984","101.8964551","S"
"FC297","拉伊้2厂","ลี้ 2",,"18.018045","98.886538","S"
"FC299","艾纳伊纳帕拉ะ巴拉阿昂卡์厂","เนินพระปรางค์",,"14.18386","100.053924","S"
"FC300","哈纳阿昂艾帕่艾甲้瓦厂","หนองไผ่แก้ว",,"13.239838","101.238776","S"
"FC301","FC卡乌卡安纳塔์厂","FC ขุขันธ์",,"14.4638","104.1135","S"
"FC303","达阿卡拉伊厂","ตาคลี",,"15.28589","100.380689","S"
"FC305","FC瓦安昂沙阿玛哈玛阿厂","FC วังสามหมอ",,"16.949246","103.4483306","S"
"FC306","艾扎้哈่玛厂","แจ้ห่ม",,"18.700012","99.554653","S"
"FC307","玛阿巴巴拉ะ察安纳2厂","มาบประชัน 2",,"12.948856","100.959509","S"
"FC308","瓦安昂沙玛巴乌拉纳์厂","วังสมบูรณ์",,"13.43263","102.202167","S"
"FC309","巴阿昂纳้安艾巴拉伊้亚瓦2厂","บางน้ำเปรี้ยว 2",,"13.84979","101.05163","S"
"FC310","察ะ阿瓦达2厂","ชะอวด 2",,"7.99752","99.90471","S"
"FC313","FC瓦阿巴伊巴塔乌玛厂","FCวาปีปทุม",,"15.910919","103.33873","S"
"FC314","FC塔่阿阿乌艾塔纳厂","FC ท่าอุเทน",,"17.588599","104.571544","S"
"FC318","FC阿阿甲阿沙阿安纳瓦亚厂","FC อากาศอำนวย",,"17.578138","103.976731","S"
"FC320","FC巴拉ะ塔阿亚厂","FC ประทาย",,"15.549854","102.74655","S"
"FC321","FC艾瓦昂纳้阿亚厂","FCแวงน้อย",,"15.8085","102.403683","S"
"FC322","发阿昂-沙安纳塔拉阿亚厂","ฝาง-สันทราย",,"19.861352","99.185275","S"
"FC323","达阿帕拉ะ亚阿厂","ตาพระยา",,"13.951051","102.691621","S"
"FC324","FC纳阿艾察厄阿甲厂","FCนาเชือก",,"15.80188","103.029217","S"
"FC325","FC艾帕็亚厂","FC เพ็ญ",,"17.621365","102.78677","S"
"FC326","FC哈纳阿昂哈伊纳厂","FC หนองหิน",,"17.1419444","101.8501473","S"
"FC329","FC帕亚安卡卡帕乌玛伊帕伊沙安亚厂","FCพยัคฆภูมิพิสัย",,"15.550183","103.20334","S"
"FC330","FC沙拉伊沙昂卡拉阿玛厂","FC ศรีสงคราม",,"17.583876","104.232502","S"
"FC331","FC哈纳阿昂甲乌昂沙拉伊厂","FC หนองกุงศรี",,"16.676137","103.294568","S"
"FC332","瓦安昂扎安纳塔拉์厂","วังจันทร์",,"13.020475","101.456658","S"
"FC333","那空沙旺艾巴奥阿卡阿玛艾帕拉็甲厂","นครสวรรค์ ไบโอคอมเพล็ก",,"15.372227","100.225772","S"
"FC334","FC巴้阿纳玛่瓦昂厂","FC บ้านม่วง",,"17.850559","103.550578","S"
"FC335","FC帕纳玛艾帕拉2厂","FCพนมไพร 2",,"15.6821842","104.1027954","S"
"FC336","FC沙安昂卡玛厂","FC สังคม",,"18.04545","102.3029721","S"
"FC337","FC(M)艾察伊亚昂卡阿纳厂","FC (M) เชียงคาน",,"17.89611","101.698475","S"
"FC338","FC艾萨甲阿-巴厄昂奥卡昂哈拉昂厂","FC เซกา-บึงโขงหลง",,"18.018274","103.87981","S"
"FC339","FC卡昂厂","FC คง",,"15.435322","102.275517","S"
"FC344","FC巴ะ卡安厂","FC ปะคำ",,"14.406389","102.713055","S"
"FC347","察阿达伊达拉ะ甲阿拉(FCTypeM)厂","ชาติตระการ(FC Type M)",,"17.261118","100.573084","S"
"FC348","艾察伊亚昂达阿瓦厂","เชียงดาว",,"19.3897376","98.9556662","S"
"FC350","FC艾甲沙达拉瓦伊沙安亚厂","FCเกษตรวิสัย",,"15.68413","103.58048","S"
"FC351","FC奥帕纳塔阿昂厂","FCโพนทอง",,"16.29543","103.96431","S"
"FC354","FC达่阿纳卡乌纳塔达厂","FC ด่านขุนทด",,"15.22862","101.77759","S"
"FC356","纳阿沙阿拉2厂","นาสาร 2",,"8.786880064","99.31799983","S"
"FC357","巴昂(FCTypeM)厂","ปง (FC Type M)",,"19.16544","100.32934","S"
"FC358","FC奥帕纳帕伊沙安亚厂","FC โพนพิสัย",,"18.03957","103.15408","S"
"FC359","FC艾沙伊昂沙阿昂厂","FC เสิงสาง",,"14.416557","102.424268","S"
"FC360","瓦安昂艾哈纳厄阿厂","วังเหนือ",,"19.159515","99.620731","S"
"FC361","FC奥帕纳沙瓦拉拉卡์厂","FC โพนสวรรค์",,"17.4858","104.5066","S"
"FC362","艾察伊亚昂玛่瓦纳(FCTypeM)厂","เชียงม่วน (FC Type M)",,"18.89173","100.28664","S"
"FC363","FC沙拉伊巴乌亚艾拉厄阿昂厂","FC ศรีบุญเรือง",,"16.992176","102.304845","S"
"FC364","艾玛่艾扎่玛(TypeM)厂","แม่แจ่ม (Type M)",,"18.501218","98.358479","S"
"FC366","扎乌拉阿帕拉纳์厂","จุฬาภรณ์",,"8.12481","99.86371","S"
"FC368","夜丰颂(TypeM)厂","แม่ฮ่องสอน (Type M)",,"19.3108","97.95644","S"
"FC369","FC北碧2厂","FC กาญจนบุรี 2",,"14.04561","99.542074","S"
"FC370","FC艾沙纳阿昂卡工业区","FC เสนางคนิคม",,"16.048753","104.636208","S"
"FC371","艾玛่艾扎(TypeM)厂","แม่ใจ (Type M)",,"19.34748","99.806196","S"
"FC372","帕亚阿艾玛็昂拉阿亚(TypeM)厂","พญาเม็งราย (Type M)",,"19.832517","100.193149","S"
"FC373","艾纳伊纳玛ะ巴拉阿昂(TypeM)厂","เนินมะปราง (Type M)",,"16.544896","100.603254","S"
"FC374","南邦-沙巴巴拉阿巴厂","ลำปาง-สบปราบ",,"17.912417","99.342722","S"
"FC375","FC甲拉ะ纳瓦纳厂","FC กระนวน",,"16.70387","103.0456","S"
"FC376","FC扎安达乌拉安沙厂","FC จัตุรัส",,"15.591173","101.85073","S"
"FC377","FC(M)甲乌达扎安巴厂","FC (M) กุดจับ",,"17.43445","102.51627","S"
"FC378","FC安纳乍能3-纳้安巴拉伊甲厂","FC อำนาจเจริญ 3 -น้ำปลีก",,"15.82834","104.461204","S"
"FC379","FC哈纳阿昂巴安瓦拉安帕乌厂","FC หนองบัวลำภู",,"17.16107","102.4357","S"
"FC380","FC(M)沙拉้阿昂卡阿玛厂","FC (M) สร้างคอม",,"17.74498","102.94169","S"
"FC381","塔乌่昂达ะ奥甲厂","ทุ่งตะโก",,"10.1464037","99.0423328","S"
"FC382","哈纳阿昂巴安瓦2厂","หนองบัว 2",,"15.8986105","100.607213","S"
"FC383","FC沙伊卡拉帕乌玛伊厂","FC ศีขรภูมิ",,"14.987692","103.885587","S"
"FC384","沙安达哈伊巴4厂","สัตหีบ 4",,"12.731272","100.904608","S"
"FC385","FC奥纳纳艾塔亚(AtSite)厂","FC โนนไทย (At Site)",,"15.14073","101.97796","S"
"FC386","FC纳阿哈瓦้阿厂","FC นาหว้า",,"17.432193","104.107116","S"
"FC387","FC阿阿扎沙阿玛阿拉塔厂","FC อาจสามารถ",,"15.83265","103.90231","S"
"FC388","哈玛阿纳纳阿昂厂","หมอนนาง",,"13.392674","101.218907","S"
"FC389","巴้阿纳哈玛阿2厂","บ้านหมอ 2",,"14.590076","100.674927","S"
"FC390","奥卡甲沙安奥拉昂厂","โคกสำโรง",,"15.070524","100.775633","S"
"FC391","FC奥萨่帕伊沙安亚厂","FC โซ่พิสัย",,"18.106968","103.425215","S"
"FC392","沙ะ艾玛伊昂(TypeM)厂","สะเมิง (Type M)",,"18.861877","98.706","S"
"FC393","拉伊้-艾玛่达厄纳厂","ลี้-แม่ตืน",,"18.018545660529","98.886435150725","S"
"FC394","FC奥纳纳艾塔亚-帕拉ะ塔阿昂卡安厂","FC โนนไทย-พระทองคำ",,"15.232348","102.04623","S"
"FC395","FC廊开艾拉伊่亚昂艾玛厄阿昂厂","FC หนองคาย เลี่ยงเมือง",,"17.81937","102.7569","S"
"FC396","艾瓦伊亚昂沙拉ะ厂","เวียงสระ",,"8.600573","99.358366","S"
"FC397","FC塔่阿玛่瓦昂厂","FC ท่าม่วง",,"13.954512","99.676742","S"
"FC398","巴阿昂玛่瓦昂厂","บางม่วง",,"8.844","98.294","S"
"FC399","达叻厂","ตราด",,"12.307338","102.472898","S"
"FC400","FC察阿纳乌玛阿纳厂","FC ชานุมาน",,"16.265795","104.977865","S"
"FC401","巴้阿纳卡่阿亚2厂","บ้านค่าย 2",,"12.863447","101.339347","S"
"FC402","哈纳阿昂艾哈亚่3厂","หนองใหญ่ 3",,"13.089814","101.258661","S"
"FC403","艾瓦伊亚昂沙阿2(TypeM)厂","เวียงสา 2(Type M)",,"18.63939","100.79223","S"
"FC404","艾玛่沙拉瓦亚2厂","แม่สรวย 2",,"19.629084","99.516999","S"
"FC405","FC帕安昂奥卡纳2厂","FC พังโคน 2",,"17.377459","103.781944","S"
"FC406","罗勇那哈纳阿昂艾哈亚่厂","โรจนะหนองใหญ่",,"13.186242217996","101.3072499","S"
"FC407","FC益梭通3厂","FC ยโสธร 3",,"15.844583","104.102885","S"
"FC408","巴阿亚(TypeM)厂","ปาย  (Type M)",,"19.3046752","98.4605456","S"
"FC409","FC奥纳纳沙乌昂厂","FC โนนสูง",,"15.246333","102.4254031","S"
"FC410","巴้阿纳巴厄昂3厂","บ้านบึง 3",,"13.301777","101.14686","S"
"FC411","FC哈้瓦亚巴昂厂","FC ห้วยบง",,"15.132303","101.498781","S"
"FC412","FC哈纳阿昂哈阿纳-塔拉.2350厂","FC หนองหาน-ทล.2350",,"17.298814","103.115362","S"
"FC413","艾卡阿哈拉安甲奥甲拉艾达้纳哈伊拉拉์厂","เขาหลักโกลเด้นฮิลล์",,"8.71326","98.25758","S"
"FC900","工厂塔达沙阿巴FranchiseBluenet","โรงงานทดสอบ Franchise Bluenet",,"13.80104","100.3545773","S"
"ZZP1","FC艾卡厄่阿纳乌汶拉安达纳์(TypeX2)厂","FC เขื่อนอุบลรัตน์ (Type X2)",,"16.673939","102.791893","X"
"ZZP2","FC纳้安帕阿昂(TypeX2)厂","FC น้ำพอง (Type X2)",,"16.7566","102.8103","X"
"ZZP3","FC孔敬1(TypeX2)厂","FC ขอนแก่น1 (Type X2)",,"16.5278","102.8315","X"
"ZZP4","FC孔敬2(TypeX2)厂","FC ขอนแก่น2 (Type X2)",,"16.5278","102.8315","X"
"ZZP5","FC塔่阿帕拉ะ(TypeX2)厂","FC ท่าพระ (Type X2)",,"16.329962","102.841119","X"
"ZZP6","FC艾玛厄阿昂黎2(TypeN)厂","FC เมืองเลย2 (Type N)",,"17.413933","101.730789","N"
"ZZP8","FC哈纳阿昂艾拉厄阿(TypeX2)厂","FC หนองเรือ (Type X2)",,"16.48678","102.47381","X"
"ZZP9","FC那空帕农3(TypeN)厂","FC นครพนม3 (Type N)",,"17.382757","104.703559","N"
"ZZS1","FC帕乌艾瓦伊亚昂(TypeN)厂","FC ภูเวียง (Type N)",,"16.607914","102.397111","N"
"ZZS2","FC奥纳纳沙伊拉阿(TypeN)厂","FC โนนศิลา (Type N)",,"15.982146","102.69644","N"
"ZZS4","FC乌隆-纳阿卡่阿(TypeN)厂","FC อุดร - นาข่า  (Type N)",,"17.547239","102.842032","N"
"ZZS5","FC乌隆-工业区沙昂艾卡拉阿ะ哈์(TypeN)厂","FC อุดร - นิคมสงเคราะห์  (Type N)",,"17.351872","102.681792","N"
"ZZTA","FC奥纳纳沙ะ阿阿达(TypeX2)厂","FC โนนสะอาด (Type X2)",,"16.9846","102.8902","X"
